angular_coord, radial_coord, label
0, 0, 'covid_confirmed'
0, 0.96779387, 'covid_deaths'
1.7135959928671598, 0.68897829, 'trends_covid'
4.569589314312426, 0.17482298, 'covid_tweets'
2.2514747351, 0.49888116, 'pop'
3.4271919857343196, -0.32202591, 'Y_10_35'
2.284794657156213, 0.52632641, 'GDP'
